ITEM_ID,ITEM_TYPE,ITEM_NAME,UPDATE_SQL,UNINSTALL,,,,
1,TABLE,OHMS_7_NETWORK_MV,1,1,,,,
2,INDEX,OHMS_7_NETWORK_MV_IDX,,1,,,,
3,TABLE,OHMS_7_NETWORK_MV2,1,1,,,,
4,INDEX,OHMS_7_NETWORK_MV2_IDX,,1,,,,
5,TABLE,V_NM_URBN502_OUTER_MV_NT,1,1,,,,
6,INDEX,V_NM_URBN502_OUTER_MV_NT_IDX,,1,,,,
7,TABLE,V_NM_NBI504_OUTER_MV_NW,1,1,,,,
8,INDEX,V_NM_NBI504_OUTER_MV_NW_IDX,,1,,,,
9,TABLE,V_NM_TUNL504_OUTER_MV_NW,1,1,,,,
10,INDEX,V_NM_TUNL504_OUTER_MV_NW_IDX,,1,,,,
11,TABLE,OHMS_TMP_7_507_RDGM,1,1,,,,
12,INDEX,OHMS_TMP_7_507_RDGM_IDX,,1,,,,
13,TABLE,OHMS_TMP__7_507_RTE_ITEM_HWY,1,1,,,,
14,INDEX,OHMS_TMP__7_507_RTE_ITEM_IDX,,1,,,,
15,TABLE,OHMS_TMP_RTE_7_507_RDGM,1,1,,,,
16,INDEX,OHMS_TMP_RTE_7_507_RDGM_IDX,,1,,,,
17,TABLE,OHMS_TMP_SEG_7_507_RDGM,1,1,,,,
18,INDEX,OHMS_TMP_SEG_7_507_RDGM_IDX,,1,,,,
19,TABLE,OHMS_TMP_DETAIL_7_507_RDGM,1,1,,,,
20,TABLE,V_NM_RDGM507_COUNT_MV_NW,1,1,,,,
21,INDEX,V_NM_RDGM507_COUNT_MV_NW_IDX,,1,,,,
22,TABLE,OHMS_TMP_7_508_RDGM,1,1,,,,
23,INDEX,OHMS_TMP_7_508_RDGM_IDX,,1,,,,
24,TABLE,OHMS_TMP_7_508_RTE_ITEM_HWY,1,1,,,,
25,INDEX,OHMS_TMP_7_508_RTE_ITEM_IDX,,1,,,,
26,TABLE,OHMS_TMP_RTE_7_508_RDGM,1,1,,,,
27,INDEX,OHMS_TMP_RTE_7_508_RDGM_IDX,,1,,,,
28,TABLE,OHMS_TMP_SEG_7_508_RDGM,1,1,,,,
29,INDEX,OHMS_TMP_SEG_7_508_RDGM_IDX,,1,,,,
30,TABLE,OHMS_TMP_DETAIL_7_508_RDGM,1,1,,,,
31,TABLE,V_NM_RDGM508_MIN_MV_NW,1,1,,,,
32,INDEX,V_NM_RDGM508_MIN_MV_NW_IDX,,1,,,,
33,TABLE,OHMS_TMP_7_509_RDGM,1,1,,,,
34,INDEX,OHMS_TMP_7_509_RDGM_IDX,,1,,,,
35,TABLE,OHMS_TMP_7_509_RTE_ITEM_HWY,1,1,,,,
36,INDEX,OHMS_TMP_7_509_RTE_ITEM_IDX,,1,,,,
37,TABLE,OHMS_TMP_RTE_7_509_RDGM,1,1,,,,
38,INDEX,OHMS_TMP_RTE_7_509_RDGM_IDX,,1,,,,
39,TABLE,OHMS_TMP_SEG_7_509_RDGM,1,1,,,,
40,INDEX,OHMS_TMP_SEG_7_509_RDGM_IDX,,1,,,,
41,TABLE,OHMS_TMP_DETAIL_7_509_RDGM,1,1,,,,
42,TABLE,V_NM_RDGM509_COUNT_MV_NW,1,1,,,,
43,INDEX,V_NM_RDGM509_COUNT_MV_NW_IDX,,1,,,,
44,TABLE,V_NM_URBN510_OUTER_MV_NT,1,1,,,,
45,INDEX,V_NM_URBN510_OUTER_MV_NT_IDX,,1,,,,
46,TABLE,V_NM_SPZN514_OUTER_MV_NW,1,1,,,,
47,INDEX,V_NM_SPZN514_OUTER_MV_NW_IDX,,1,,,,
48,TABLE,V_NM_URBN514_OUTER_MV_NT,1,1,,,,
49,INDEX,V_NM_URBN514_OUTER_MV_NT_IDX ,,1,,,,
50,TABLE,OHMS_TMP_7_538_RDGM,1,1,,,,
51,INDEX,OHMS_TMP_7_538_RDGM_IDX,,1,,,,
52,TABLE,OHMS_TMP_7_538_RTE_ITEM_HWY,1,1,,,,
53,INDEX,OHMS_TMP_7_538_RTE_ITEM_IDX,,1,,,,
54,TABLE,OHMS_TMP_RTE_7_538_RDGM,1,1,,,,
55,INDEX,OHMS_TMP_RTE_7_538_RDGM_IDX,,1,,,,
56,TABLE,OHMS_TMP_SEG_7_538_RDGM,1,1,,,,
57,INDEX,OHMS_TMP_SEG_7_538_RDGM_IDX,,1,,,,
58,TABLE,OHMS_TMP_DETAIL_7_538_RDGM,1,1,,,,
59,TABLE,V_NM_RDGM538_SUM_MV_NW,1,1,,,,
60,INDEX,V_NM_RDGM538_SUM_MV_NW_IDX,,1,,,,
61,TABLE,OHMS_TMP_7_539_RDGM,1,1,,,,
62,INDEX,OHMS_TMP_7_539_RDGM_IDX,,1,,,,
63,TABLE,OHMS_TMP_7_539_RTE_ITEM_HWY,1,1,,,,
64,INDEX,OHMS_TMP_7_539_RTE_ITEM_IDX,,1,,,,
65,TABLE,OHMS_TMP_RTE_7_539_RDGM,1,1,,,,
66,INDEX,OHMS_TMP_RTE_7_539_RDGM_IDX,,1,,,,
67,TABLE,OHMS_TMP_SEG_7_539_RDGM,1,1,,,,
68,INDEX,OHMS_TMP_SEG_7_539_RDGM_IDX,,1,,,,
69,TABLE,OHMS_TMP_DETAIL_7_539_RDGM,1,1,,,,
70,TABLE,V_NM_RDGM539_SUM_MV_NW,1,1,,,,
71,INDEX,V_NM_RDGM539_SUM_MV_NW_IDX,,1,,,,
72,TABLE,OHMS_TMP_7_540_PRKR,1,1,,,,
73,INDEX,OHMS_TMP_7_540_PRKR_IDX,,1,,,,
74,TABLE,OHMS_TMP_7_540_RTE_ITEM_HWY,1,1,,,,
75,INDEX,OHMS_TMP_7_540_RTE_ITEM_IDX,,1,,,,
76,TABLE,OHMS_TMP_RTE_7_540_PRKR,1,1,,,,
77,INDEX,OHMS_TMP_RTE_7_540_PRKR_IDX,,1,,,,
78,TABLE,OHMS_TMP_SEG_7_540_PRKR,1,1,,,,
79,INDEX,OHMS_TMP_SEG_7_540_PRKR_IDX,,1,,,,
80,TABLE,OHMS_TMP_DETAIL_7_540_PRKR,1,1,,,,
81,TABLE,V_NM_PRKR540_COUNT_MV_NW,1,1,,,,
82,INDEX,V_NM_PRKR540_COUNT_MV_NW_IDX,,1,,,,
83,TABLE,V_NM_SEEA566_OUTER_MV_NT,1,1,,,,
84,INDEX,V_NM_SEEA566_OUTER_MV_NT_IDX,,1,,,,
85,TABLE,OHMS_TMP_7_610_RDGM,1,1,,,,
86,INDEX,OHMS_TMP_7_610_RDGM_IDX,,1,,,,
87,TABLE,OHMS_TMP_7_610_RTE_ITEM,1,1,,,,
88,INDEX,OHMS_TMP_7_610_RTE_ITEM_IDX,,1,,,,
89,TABLE,OHMS_TMP_RTE_7_610_RDGM,1,1,,,,
90,INDEX,OHMS_TMP_RTE_7_610_RDGM_IDX,,1,,,,
91,TABLE,OHMS_TMP_SEG_7_610_RDGM,1,1,,,,
92,INDEX,OHMS_TMP_SEG_7_610_RDGM_IDX,,1,,,,
93,TABLE,OHMS_TMP_DETAIL_7_610_RDGM,1,1,,,,
94,TABLE,V_NM_RDGM610_COUNT_MV_NW,1,1,,,,
95,INDEX,V_NM_RDGM610_COUNT_MV_NW_IDX,,1,,,,
96,TABLE,OHMS_TMP_7_611_RDGM,1,1,,,,
97,INDEX,OHMS_TMP_7_611_RDGM_IDX,,1,,,,
98,TABLE,OHMS_TMP_7_611_RTE_ITEM,1,1,,,,
99,INDEX,OHMS_TMP_7_611_RTE_ITEM_IDX,,1,,,,
100,TABLE,OHMS_TMP_RTE_7_611_RDGM,1,1,,,,
101,INDEX, OHMS_TMP_RTE_7_611_RDGM_IDX,,1,,,,
102,TABLE,OHMS_TMP_SEG_7_611_RDGM,1,1,,,,
103,INDEX,OHMS_TMP_SEG_7_611_RDGM_IDX,,1,,,,
104,TABLE,OHMS_TMP_DETAIL_7_611_RDGM,1,1,,,,
105,TABLE,V_NM_RDGM611_COUNT_MV_NW,1,1,,,,
106,INDEX,V_NM_RDGM611_COUNT_MV_NW_IDX,,1,,,,
107,TABLE,OHMS_ACTIVITY_LOG,,0,,,,
108,TABLE,OHMS_SUBMIT_SAMPLES,,1,,,,
109,TABLE,OHMS_SUBMIT_SECTIONS,,1,,,,
110,TABLE,V_NM_OHMS_NW,,1,,,,
111,INDEX,V_NM_OHMS_NW_IDX,,1,,,,
112,TABLE,OHMS_7_GET_TURN_1,1,1,,,,
113,INDEX,OHMS_7_GET_TURN_1_IDX,,1,,,,
114,TABLE,OHMS_7_GET_TURN_URBAN,1,1,,,,
115,INDEX,OHMS_7_GET_TURN_URBAN_IDX,,1,,,,
116,TABLE,V_NM_OHMS_TURN_NW,1,1,,,,
117,INDEX,V_NM_OHMS_TURN_NW_IDX,,1,,,,
118,TABLE,OHMS_GRADE1,1,1,,,,
119,INDEX,OHMS_GRADE1_IDX,,1,,,,
120,TABLE,OHMS_GRADE2,1,1,,,,
121,INDEX,OHMS_GRADE2_IDX,,1,,,,
122,TABLE,OHMS_OBJECTS,,0,,,,
123,VIEW,V_NM_CURV_OHMS,,1,,,,
124,VIEW,V_NM_CURV_OHMS_NW,,1,,,,
125,VIEW,V_NM_GRAD_OHMS,,1,,,,
126,VIEW,V_NM_GRAD_OHMS_NW,,1,,,,
127,VIEW,V_OHMS_7_501_F_SYSTEM,,1,,,,
128,VIEW,V_OHMS_7_502_URBAN_CODE,,1,,,,
129,VIEW,V_OHMS_7_503_FACILITY_TYPE,,1,,,,
130,VIEW,V_OHMS_7_504_STRUCTURE_TYPE,,1,,,,
131,VIEW,V_OHMS_7_507_THROUGH_LANES,,1,,,,
132,VIEW,V_OHMS_7_508_HOV_TYPE,,1,,,,
133,VIEW,V_OHMS_7_509_HOV_LANES,,1,,,,
134,VIEW,V_OHMS_7_510_URBAN_SUB,,1,,,,
135,VIEW,V_OHMS_7_512_TURN_LANES_R,,1,,,,
136,VIEW,V_OHMS_7_513_TURN_LANES_L,,1,,,,
137,VIEW,V_OHMS_7_514_SPEED_LIMIT,,1,,,,
138,VIEW,V_OHMS_7_521_AADT,,1,,,,
139,VIEW,V_OHMS_7_522_AADT_SINGLE_UNIT,,1,,,,
140,VIEW,V_OHMS_7_523_PCT_PEAK_SINGLE,,1,,,,
141,VIEW,V_OHMS_7_524_AADT_COMBINATION,,1,,,,
142,VIEW,V_OHMS_7_525_PCT_PEAK_COMBINAT,,1,,,,
143,VIEW,V_OHMS_7_526_K_FACTOR,,1,,,,
144,VIEW,V_OHMS_7_527_DIR_FACTOR,,1,,,,
145,VIEW,V_OHMS_7_528_FUTURE_AADT,,1,,,,
146,VIEW,V_OHMS_7_531_NUMBER_SIGNALS,,1,,,,
147,VIEW,V_OHMS_7_532_STOP_SIGNS,,1,,,,
148,VIEW,V_OHMS_7_533_AT_GRADE_OTHER,,1,,,,
149,VIEW,V_OHMS_7_534_LANE_WIDTH,,1,,,,
150,VIEW,V_OHMS_7_535_MEDIAN_TYPE,,1,,,,
151,VIEW,V_OHMS_7_536_MEDIAN_WIDTH,,1,,,,
152,VIEW,V_OHMS_7_537_SHOULDER_TYPE,,1,,,,
153,VIEW,V_OHMS_7_538_SHOULDER_WIDTH_R,,1,,,,
154,VIEW,V_OHMS_7_539_SHOULDER_WIDTH_L,,1,,,,
155,VIEW,V_OHMS_7_540_PEAK_PARK_RIGHT,,1,,,,
156,VIEW,V_OHMS_7_544_TERRAIN_TYPE,,1,,,,
157,VIEW,V_OHMS_7_549_SURFACE_TYPE,,1,,,,
158,VIEW,V_OHMS_7_556_LAST_OVERLAY_THIC,,1,,,,
159,VIEW,V_OHMS_7_557_THICKNESS_RIGID,,1,,,,
160,VIEW,V_OHMS_7_558_THICKNESS_FLEXIBL,,1,,,,
161,VIEW,V_OHMS_7_565_OREGON_FREIGHT_RO,,1,,,,
162,VIEW,V_OHMS_7_566_REGION_DISTRICT,,1,,,,
163,VIEW,V_OHMS_7_566_REGION_DIST_UP,,1,,,,
164,VIEW,V_OHMS_7_567_PMS,,1,,,,
165,VIEW,V_OHMS_7_581_HPMS_SAMPLE_ID,,1,,,,
166,VIEW,V_OHMS_7_610_611_P_LANES,,1,,,,
168,VIEW,V_OHMS_7_640_PEAK_PARKING,,1,,,,
169,VIEW,V_OHMS_7_743_CURVES_A,,1,,,,
170,VIEW,V_OHMS_7_744_CURVES_B,,1,,,,
171,VIEW,V_OHMS_7_745_CURVES_C,,1,,,,
172,VIEW,V_OHMS_7_746_CURVES_D,,1,,,,
173,VIEW,V_OHMS_7_747_CURVES_E,,1,,,,
174,VIEW,V_OHMS_7_748_CURVES_F,,1,,,,
175,VIEW,V_OHMS_7_749_GRADES_A,,1,,,,
176,VIEW,V_OHMS_7_750_GRADES_B,,1,,,,
177,VIEW,V_OHMS_7_751_GRADES_C,,1,,,,
178,VIEW,V_OHMS_7_752_GRADES_D,,1,,,,
179,VIEW,V_OHMS_7_753_GRADES_E,,1,,,,
180,VIEW,V_OHMS_7_754_GRADES_F,,1,,,,
181,VIEW,V_OHMS_FINAL_7_501_F_SYSTEM,,1,,,,
182,VIEW,V_OHMS_FINAL_7_502_URBAN_CODE,,1,,,,
183,VIEW,V_OHMS_FINAL_7_503_FACILITY_TY,,1,,,,
184,VIEW,V_OHMS_FINAL_7_504_STRUCTURE_T,,1,,,,
185,VIEW,V_OHMS_FINAL_7_507_THROUGH_LAN,,1,,,,
186,VIEW,V_OHMS_FINAL_7_508_HOV_TYPE,,1,,,,
187,VIEW,V_OHMS_FINAL_7_509_HOV_LANES,,1,,,,
188,VIEW,V_OHMS_FINAL_7_510_URBAN_SUB,,1,,,,
189,VIEW,V_OHMS_FINAL_7_512_TURN_LANES_,,1,,,,
190,VIEW,V_OHMS_FINAL_7_513_TURN_LANES_,,1,,,,
191,VIEW,V_OHMS_FINAL_7_514_SPEED_LIMIT,,1,,,,
192,VIEW,V_OHMS_FINAL_7_521_AADT,,1,,,,
193,VIEW,V_OHMS_FINAL_7_522_AADT_SINGLE,,1,,,,
194,VIEW,V_OHMS_FINAL_7_523_PCT_PEAK_SI,,1,,,,
195,VIEW,V_OHMS_FINAL_7_524_AADT_COMBIN,,1,,,,
196,VIEW,V_OHMS_FINAL_7_525_PCT_PEAK_CO,,1,,,,
197,VIEW,V_OHMS_FINAL_7_526_K_FACTOR,,1,,,,
198,VIEW,V_OHMS_FINAL_7_527_DIR_FACTOR,,1,,,,
199,VIEW,V_OHMS_FINAL_7_528_FUTURE_AADT,,1,,,,
200,VIEW,V_OHMS_FINAL_7_531_NUMBER_SIGN,,1,,,,
201,VIEW,V_OHMS_FINAL_7_532_STOP_SIGNS,,1,,,,
202,VIEW,V_OHMS_FINAL_7_533_AT_GRADE_OT,,1,,,,
203,VIEW,V_OHMS_FINAL_7_534_LANE_WIDTH,,1,,,,
204,VIEW,V_OHMS_FINAL_7_535_MEDIAN_TYPE,,1,,,,
205,VIEW,V_OHMS_FINAL_7_536_MEDIAN_WIDT,,1,,,,
206,VIEW,V_OHMS_FINAL_7_537_SHOULDER_TY,,1,,,,
207,VIEW,V_OHMS_FINAL_7_538_SHOULDER_WI,,1,,,,
208,VIEW,V_OHMS_FINAL_7_539_SHOULDER_WI,,1,,,,
209,VIEW,V_OHMS_FINAL_7_540_PEAK_PARK_R,,1,,,,
210,VIEW,V_OHMS_FINAL_7_544_TERRAIN_TYP,,1,,,,
211,VIEW,V_OHMS_FINAL_7_549_SURFACE_TYP,,1,,,,
212,VIEW,V_OHMS_FINAL_7_556_LAST_OVERLA,,1,,,,
213,VIEW,V_OHMS_FINAL_7_557_THICKNESS_R,,1,,,,
214,VIEW,V_OHMS_FINAL_7_558_THICKNESS_F,,1,,,,
215,VIEW,V_OHMS_FINAL_7_565_OREGON_FREI,,1,,,,
216,VIEW,V_OHMS_FINAL_7_566_REGION_DIST,,1,,,,
217,VIEW,V_OHMS_FINAL_7_567_PMS,,1,,,,
218,VIEW,V_OHMS_FINAL_7_581_HPMS_SAMPLE,,1,,,,
219,VIEW,V_OHMS_FINAL_7_610_PEAK_LANES,,1,,,,
220,VIEW,V_OHMS_FINAL_7_611_COUNTER_PEA,,1,,,,
221,VIEW,V_OHMS_FINAL_7_640_PEAK_PARKIN,,1,,,,
222,VIEW,V_OHMS_FINAL_7_743_CURVES_A,,1,,,,
223,VIEW,V_OHMS_FINAL_7_744_CURVES_B,,1,,,,
224,VIEW,V_OHMS_FINAL_7_745_CURVES_C,,1,,,,
225,VIEW,V_OHMS_FINAL_7_746_CURVES_D,,1,,,,
226,VIEW,V_OHMS_FINAL_7_747_CURVES_E,,1,,,,
227,VIEW,V_OHMS_FINAL_7_748_CURVES_F,,1,,,,
228,VIEW,V_OHMS_FINAL_7_749_GRADES_A,,1,,,,
229,VIEW,V_OHMS_FINAL_7_750_GRADES_B,,1,,,,
230,VIEW,V_OHMS_FINAL_7_751_GRADES_C,,1,,,,
231,VIEW,V_OHMS_FINAL_7_752_GRADES_D,,1,,,,
232,VIEW,V_OHMS_FINAL_7_753_GRADES_E,,1,,,,
233,VIEW,V_OHMS_FINAL_7_754_GRADES_F,,1,,,,
234,VIEW,V_OHMS_7_611_COUNTER_PEAK_LANE,,1,,,,
235,VIEW,V_OHMS_7_610_PEAK_LANES,,1,,,,
236,VIEW,V_OHMS_1_657_URBAN_PEAK_SUB,,1,,,,
237,VIEW,V_OHMS_FINAL_7_657_URBAN_PEAK_,,1,,,,
238,FUNCTION,XNA_OHMS_GET_TLL,,1,,,,
239,FUNCTION,XNA_OHMS_GET_TLR,,1,,,,
240,FUNCTION,OHMS_SIGNAL_CNT,,1,,,,
241,PROCEDURE,XODOT_OHMS_UPDATE_TA,,1,,,,
242,PROCEDURE,XODOT_POPULATE_OHMS_SECTIONS,,1,,,,
243,PACKAGE,XODOT_OHMS,,1,,,,
